{"cameraMode":{"drawMode":0,"name":"Shaded","section":"Shading Mode"},"sceneLighting":true,"audioPlay":false,"sceneViewState":{"showFog":true,"showMaterialUpdate":false,"showSkybox":true,"showFlares":true,"showImageEffects":true,"showParticleSystems":true},"in2DMode":false,"pivot":{"x":1.3799279928207398,"y":0.9965618848800659,"z":-0.1172424852848053},"rotation":{"x":-0.016015807166695596,"y":0.7203532457351685,"z":0.016645975410938264,"w":0.69322669506073},"size":2.2527692317962648,"orthographic":false}