{"cameraMode":{"drawMode":0,"name":"Shaded","section":"Shading Mode"},"sceneLighting":false,"audioPlay":false,"sceneViewState":{"showFog":true,"showMaterialUpdate":false,"showSkybox":false,"showFlares":true,"showImageEffects":true,"showParticleSystems":true},"in2DMode":false,"pivot":{"x":0.0,"y":0.8930000066757202,"z":-1.0160000324249268},"rotation":{"x":0.3883410394191742,"y":0.4707203209400177,"z":-0.24252977967262269,"w":0.7542427182197571},"size":0.6240371465682983,"orthographic":false}