{"cameraMode":{"drawMode":0,"name":"Shaded","section":"Shading Mode"},"sceneLighting":false,"audioPlay":false,"sceneViewState":{"showFog":true,"showMaterialUpdate":false,"showSkybox":false,"showFlares":true,"showImageEffects":true,"showParticleSystems":true},"in2DMode":false,"pivot":{"x":5.960464477539063e-8,"y":0.0,"z":-1.1920928955078126e-7},"rotation":{"x":0.272393137216568,"y":0.25585052371025088,"z":-0.07550522685050965,"w":0.9245228171348572},"size":0.7141429781913757,"orthographic":false}