{"cameraMode":{"drawMode":0,"name":"Shaded","section":"Shading Mode"},"sceneLighting":false,"audioPlay":false,"sceneViewState":{"showFog":true,"showMaterialUpdate":false,"showSkybox":false,"showFlares":true,"showImageEffects":true,"showParticleSystems":true},"in2DMode":false,"pivot":{"x":-1.4822386503219605,"y":-1.007127285003662,"z":-0.31502053141593935},"rotation":{"x":0.17488642036914826,"y":-0.7169418931007385,"z":0.19375458359718324,"w":0.6464987397193909},"size":1.8240370750427247,"orthographic":false}