{"cameraMode":{"drawMode":0,"name":"Shaded","section":"Shading Mode"},"sceneLighting":true,"audioPlay":false,"sceneViewState":{"showFog":true,"showMaterialUpdate":false,"showSkybox":true,"showFlares":true,"showImageEffects":true,"showParticleSystems":true},"in2DMode":false,"pivot":{"x":10.444242477416993,"y":-2.104511260986328,"z":-15.515548706054688},"rotation":{"x":0.13892638683319093,"y":0.8141697645187378,"z":-0.21745999157428742,"w":0.5201480984687805},"size":19.619890213012697,"orthographic":false}