{"cameraMode":{"drawMode":0,"name":"Shaded","section":"Shading Mode"},"sceneLighting":true,"audioPlay":false,"sceneViewState":{"showFog":true,"showMaterialUpdate":false,"showSkybox":true,"showFlares":true,"showImageEffects":true,"showParticleSystems":true},"in2DMode":false,"pivot":{"x":-2.669431209564209,"y":4.628024101257324,"z":-42.78648376464844},"rotation":{"x":-0.19296081364154817,"y":-0.7474055886268616,"z":0.2460244745016098,"w":-0.5862007141113281},"size":32.24312210083008,"orthographic":false}